{"cameraMode":{"drawMode":0,"name":"Shaded","section":"Shading Mode"},"sceneLighting":false,"audioPlay":false,"sceneViewState":{"showFog":true,"showMaterialUpdate":false,"showSkybox":true,"showFlares":true,"showImageEffects":true,"showParticleSystems":true},"in2DMode":false,"pivot":{"x":-9.100950241088868,"y":0.004349999129772186,"z":0.4746999740600586},"rotation":{"x":-0.3145066201686859,"y":0.6374025940895081,"z":-0.3200266659259796,"w":-0.6264076828956604},"size":6.987204551696777,"orthographic":false}