{"cameraMode":{"drawMode":0,"name":"Shaded","section":"Shading Mode"},"sceneLighting":true,"audioPlay":false,"sceneViewState":{"showFog":true,"showMaterialUpdate":false,"showSkybox":true,"showFlares":true,"showImageEffects":true,"showParticleSystems":true},"in2DMode":false,"pivot":{"x":-7.333315849304199,"y":1.7722899913787842,"z":4.129218101501465},"rotation":{"x":0.23760950565338136,"y":0.5193081498146057,"z":-0.15299436450004579,"w":0.8065069913864136},"size":12.401274681091309,"orthographic":false}